random_seed,mean_rho
0,0.6149524137140235
1,0.6597867217062263
2,0.5906432748538013
3,0.5896112831097351
4,0.7034743722050223
